Date,Temp,Weight
8/1/2022 16:0,35.26,14.5776
8/1/2022 16:5,35.35,14.5779
8/1/2022 16:10,35.35,14.5779
8/1/2022 16:15,35.39,14.5779
8/1/2022 16:20,35.39,14.5779
8/1/2022 16:25,35.39,14.5779
8/1/2022 16:30,35.43,14.581
8/1/2022 16:35,35.43,14.581
8/1/2022 16:40,35.43,14.5841
8/1/2022 16:45,35.39,14.5874
8/1/2022 16:50,35.39,14.5878
8/1/2022 16:55,35.39,14.5908
8/1/2022 17:0,35.39,14.5939
8/1/2022 17:5,35.39,14.5939
8/1/2022 17:10,35.35,14.5976
8/1/2022 17:15,35.39,14.5973
8/1/2022 17:20,35.35,14.5976
8/1/2022 17:25,35.39,14.6007
8/1/2022 17:30,35.39,14.6004
8/1/2022 17:35,35.39,14.6007
8/1/2022 17:40,35.43,14.6038
8/1/2022 17:45,35.48,14.6038
8/1/2022 17:50,35.43,14.6074
8/1/2022 17:55,35.52,14.6074
8/1/2022 18:0,35.48,14.6105
8/1/2022 18:5,35.48,14.6108
8/1/2022 18:10,35.52,14.6139
8/1/2022 18:15,35.52,14.6139
8/1/2022 18:20,35.48,14.6139
8/1/2022 18:25,35.52,14.6139
8/1/2022 18:30,35.56,14.6173
8/1/2022 18:35,35.52,14.6173
8/1/2022 18:40,35.52,14.6173
8/1/2022 18:45,35.56,14.6176
8/1/2022 18:50,35.56,14.621
8/1/2022 18:55,35.48,14.6142
8/1/2022 19:0,35.48,14.621
8/1/2022 19:5,35.48,14.621
8/1/2022 19:10,35.52,14.621
8/1/2022 19:15,35.48,14.621
8/1/2022 19:20,35.52,14.6213
8/1/2022 19:25,35.48,14.6216
8/1/2022 19:30,35.48,14.6216
8/1/2022 19:35,35.48,14.6216
8/1/2022 19:40,35.48,14.6182
8/1/2022 19:45,35.52,14.6182
8/1/2022 19:50,35.52,14.6185
8/1/2022 19:55,35.6,14.6185
8/2/2022 16:0,35.65,14.6234
8/2/2022 16:5,35.65,14.6234
8/2/2022 16:10,35.73,14.6234
8/2/2022 16:15,35.65,14.6204
8/2/2022 16:20,35.65,14.6234
8/2/2022 16:25,35.69,14.6234
8/2/2022 16:30,35.65,14.6231
8/2/2022 16:35,35.69,14.6265
8/2/2022 16:40,35.65,14.6262
8/2/2022 16:45,35.56,14.6262
8/2/2022 16:50,35.6,14.6259
8/2/2022 16:55,35.52,14.6259
8/2/2022 17:0,35.6,14.6259
8/2/2022 17:5,35.56,14.6259
8/2/2022 17:10,35.6,14.6259
8/2/2022 17:15,35.52,14.6259
8/2/2022 17:20,35.48,14.6225
8/2/2022 17:25,35.48,14.6259
8/2/2022 17:30,35.39,14.6225
8/2/2022 17:35,35.35,14.6225
8/2/2022 17:40,35.39,14.6228
8/2/2022 17:45,35.35,14.6225
8/2/2022 17:50,35.39,14.6197
8/2/2022 17:55,35.48,14.6161
8/2/2022 18:0,35.48,14.6068
8/2/2022 18:5,35.52,14.5939
8/2/2022 18:10,35.56,14.5911
8/2/2022 18:15,35.52,14.5908
8/2/2022 18:20,35.52,14.6007
8/2/2022 18:25,35.56,14.601
8/2/2022 18:30,35.56,14.6038
8/2/2022 18:35,35.52,14.6041
8/2/2022 18:40,35.52,14.6044
8/2/2022 18:45,35.56,14.6044
8/2/2022 18:50,35.56,14.6044
8/2/2022 18:55,35.48,14.6044
8/2/2022 19:0,35.43,14.6047
8/2/2022 19:5,35.43,14.6047
8/2/2022 19:10,35.48,14.6047
8/2/2022 19:15,35.52,14.6084
8/2/2022 19:20,35.52,14.6084
8/2/2022 19:25,35.56,14.6084
8/2/2022 19:30,35.56,14.6087
8/2/2022 19:35,35.6,14.6084
8/2/2022 19:40,35.6,14.605
8/2/2022 19:45,35.6,14.6053
8/2/2022 19:50,35.56,14.6053
8/2/2022 19:55,35.56,14.6053
8/3/2022 16:0,35.22,14.5788
8/3/2022 16:5,35.22,14.5785
8/3/2022 16:10,35.18,14.5788
8/3/2022 16:15,35.13,14.5785
8/3/2022 16:20,35.22,14.5785
8/3/2022 16:25,35.13,14.5819
8/3/2022 16:30,35.18,14.5816
8/3/2022 16:35,35.18,14.5816
8/3/2022 16:40,35.13,14.5816
8/3/2022 16:45,35.18,14.5785
8/3/2022 16:50,35.22,14.5816
8/3/2022 16:55,35.22,14.5816
8/3/2022 17:0,35.22,14.5816
8/3/2022 17:5,35.22,14.5847
8/3/2022 17:10,35.18,14.5847
8/3/2022 17:15,35.22,14.585
8/3/2022 17:20,35.18,14.585
8/3/2022 17:25,35.13,14.5884
8/3/2022 17:30,35.13,14.5884
8/3/2022 17:35,35.18,14.585
8/3/2022 17:40,35.18,14.5884
8/3/2022 17:45,35.22,14.5887
8/3/2022 17:50,35.22,14.5884
8/3/2022 17:55,35.18,14.5884
8/3/2022 18:0,35.18,14.5887
8/3/2022 18:5,35.22,14.5918
8/3/2022 18:10,35.26,14.5887
8/3/2022 18:15,35.26,14.5918
8/3/2022 18:20,35.35,14.5921
8/3/2022 18:25,35.39,14.5887
8/3/2022 18:30,35.39,14.589
8/3/2022 18:35,35.48,14.5921
8/3/2022 18:40,35.48,14.5921
8/3/2022 18:45,35.48,14.5924
8/3/2022 18:50,35.52,14.5924
8/3/2022 18:55,35.43,14.5924
8/3/2022 19:0,35.48,14.5893
8/3/2022 19:5,35.52,14.5924
8/3/2022 19:10,35.48,14.5924
8/3/2022 19:15,35.52,14.5927
8/3/2022 19:20,35.6,14.5927
8/3/2022 19:25,35.6,14.5927
8/3/2022 19:30,35.6,14.5927
8/3/2022 19:35,35.65,14.5927
8/3/2022 19:40,35.69,14.5927
8/3/2022 19:45,35.69,14.593
8/3/2022 19:50,35.65,14.5899
8/3/2022 19:55,35.73,14.5899
8/4/2022 16:0,35.73,14.5665
8/4/2022 16:5,35.69,14.5665
8/4/2022 16:10,35.73,14.5665
8/4/2022 16:15,35.73,14.5665
8/4/2022 16:20,35.82,14.5662
8/4/2022 16:25,35.78,14.5696
8/4/2022 16:30,35.78,14.5696
8/4/2022 16:35,35.78,14.5665
8/4/2022 16:40,35.82,14.5601
8/4/2022 16:45,35.82,14.5376
8/4/2022 16:50,35.82,14.5281
8/4/2022 16:55,35.82,14.5376
8/4/2022 17:0,35.86,14.5502
8/4/2022 17:5,35.86,14.5561
8/4/2022 17:10,35.86,14.557
8/4/2022 17:15,35.86,14.557
8/4/2022 17:20,35.86,14.5582
8/4/2022 17:25,35.82,14.5601
8/4/2022 17:30,35.86,14.5604
8/4/2022 17:35,35.86,14.5635
8/4/2022 17:40,35.86,14.5668
8/4/2022 17:45,35.9,14.5668
8/4/2022 17:50,35.9,14.5699
8/4/2022 17:55,35.95,14.5733
8/4/2022 18:0,35.9,14.5767
8/4/2022 18:5,35.9,14.5798
8/4/2022 18:10,35.9,14.5831
8/4/2022 18:15,35.9,14.5862
8/4/2022 18:20,35.9,14.5899
8/4/2022 18:25,35.95,14.5933
8/4/2022 18:30,35.99,14.5964
8/4/2022 18:35,35.9,14.5998
8/4/2022 18:40,35.99,14.6001
8/4/2022 18:45,35.99,14.6031
8/4/2022 18:50,35.99,14.6062
8/4/2022 18:55,35.95,14.6099
8/4/2022 19:0,35.86,14.6102
8/4/2022 19:5,35.95,14.613
8/4/2022 19:10,35.9,14.613
8/4/2022 19:15,35.82,14.6161
8/4/2022 19:20,35.78,14.6164
8/4/2022 19:25,35.73,14.6164
8/4/2022 19:30,35.73,14.6167
8/4/2022 19:35,35.73,14.6167
8/4/2022 19:40,35.78,14.6167
8/4/2022 19:45,35.78,14.6167
8/4/2022 19:50,35.82,14.6167
8/4/2022 19:55,35.73,14.6136
8/5/2022 16:0,35.99,14.6361
8/5/2022 16:5,35.95,14.6397
8/5/2022 16:10,35.95,14.6428
8/5/2022 16:15,35.9,14.6428
8/5/2022 16:20,35.9,14.6462
8/5/2022 16:25,35.9,14.649
8/5/2022 16:30,35.86,14.6527
8/5/2022 16:35,35.82,14.653
8/5/2022 16:40,35.82,14.6561
8/5/2022 16:45,35.9,14.6561
8/5/2022 16:50,35.9,14.6557
8/5/2022 16:55,35.86,14.6588
8/5/2022 17:0,35.9,14.6625
8/5/2022 17:5,35.99,14.6628
8/5/2022 17:10,35.99,14.6659
8/5/2022 17:15,35.95,14.6659
8/5/2022 17:20,35.95,14.6659
8/5/2022 17:25,35.95,14.669
8/5/2022 17:30,35.9,14.669
8/5/2022 17:35,35.86,14.6724
8/5/2022 17:40,35.82,14.6724
8/5/2022 17:45,35.86,14.6724
8/5/2022 17:50,35.82,14.6724
8/5/2022 17:55,35.86,14.6727
8/5/2022 18:0,35.86,14.6727
8/5/2022 18:5,35.86,14.6754
8/5/2022 18:10,35.82,14.6754
8/5/2022 18:15,35.82,14.6754
8/5/2022 18:20,35.78,14.6754
8/5/2022 18:25,35.78,14.6754
8/5/2022 18:30,35.78,14.6754
8/5/2022 18:35,35.78,14.6754
8/5/2022 18:40,35.82,14.6754
8/5/2022 18:45,35.82,14.6754
8/5/2022 18:50,35.86,14.6754
8/5/2022 18:55,35.86,14.6754
8/5/2022 19:0,35.82,14.6757
8/5/2022 19:5,35.78,14.6757
8/5/2022 19:10,35.82,14.6788
8/5/2022 19:15,35.78,14.6788
8/5/2022 19:20,35.73,14.6791
8/5/2022 19:25,35.73,14.6791
8/5/2022 19:30,35.78,14.6791
8/5/2022 19:35,35.78,14.6794
8/5/2022 19:40,35.73,14.6764
8/5/2022 19:45,35.78,14.6764
8/5/2022 19:50,35.73,14.6764
8/5/2022 19:55,35.78,14.6764
8/6/2022 16:0,35.99,14.6825
8/6/2022 16:5,35.99,14.6822
8/6/2022 16:10,35.9,14.6856
8/6/2022 16:15,35.86,14.6853
8/6/2022 16:20,35.86,14.6853
8/6/2022 16:25,35.82,14.6853
8/6/2022 16:30,35.82,14.6887
8/6/2022 16:35,35.82,14.6887
8/6/2022 16:40,35.78,14.6887
8/6/2022 16:45,35.69,14.692
8/6/2022 16:50,35.69,14.6887
8/6/2022 16:55,35.73,14.6924
8/6/2022 17:0,35.73,14.692
8/6/2022 17:5,35.73,14.6924
8/6/2022 17:10,35.73,14.6893
8/6/2022 17:15,35.69,14.6924
8/6/2022 17:20,35.69,14.6924
8/6/2022 17:25,35.65,14.6924
8/6/2022 17:30,35.65,14.6954
8/6/2022 17:35,35.73,14.6954
8/6/2022 17:40,35.69,14.6954
8/6/2022 17:45,35.73,14.6954
8/6/2022 17:50,35.69,14.6954
8/6/2022 17:55,35.6,14.6957
8/6/2022 18:0,35.65,14.6957
8/6/2022 18:5,35.65,14.6957
8/6/2022 18:10,35.56,14.696
8/6/2022 18:15,35.56,14.696
8/6/2022 18:20,35.52,14.696
8/6/2022 18:25,35.56,14.6991
8/6/2022 18:30,35.52,14.6991
8/6/2022 18:35,35.52,14.6991
8/6/2022 18:40,35.52,14.693
8/6/2022 18:45,35.56,14.6994
8/6/2022 18:50,35.48,14.6991
8/6/2022 18:55,35.52,14.6994
8/6/2022 19:0,35.56,14.7028
8/6/2022 19:5,35.6,14.7028
8/6/2022 19:10,35.65,14.7028
8/6/2022 19:15,35.6,14.7028
8/6/2022 19:20,35.65,14.7031
8/6/2022 19:25,35.6,14.6997
8/6/2022 19:30,35.6,14.7034
8/6/2022 19:35,35.6,14.7
8/6/2022 19:40,35.6,14.7
8/6/2022 19:45,35.65,14.7
8/6/2022 19:50,35.6,14.7004
8/6/2022 19:55,35.65,14.6973
8/7/2022 16:0,35.65,14.696
8/7/2022 16:5,35.6,14.696
8/7/2022 16:10,35.6,14.6991
8/7/2022 16:15,35.65,14.6988
8/7/2022 16:20,35.56,14.6988
8/7/2022 16:25,35.48,14.6988
8/7/2022 16:30,35.39,14.7022
8/7/2022 16:35,35.22,14.7053
8/7/2022 16:40,35.22,14.7053
8/7/2022 16:45,35.22,14.7053
8/7/2022 16:50,35.26,14.7053
8/7/2022 16:55,35.3,14.7056
8/7/2022 17:0,35.3,14.7059
8/7/2022 17:5,35.3,14.7059
8/7/2022 17:10,35.3,14.7028
8/7/2022 17:15,35.35,14.6994
8/7/2022 17:20,35.39,14.6804
8/7/2022 17:25,35.48,14.6579
8/7/2022 17:30,35.39,14.6674
8/7/2022 17:35,35.43,14.677
8/7/2022 17:40,35.48,14.6834
8/7/2022 17:45,35.52,14.6868
8/7/2022 17:50,35.52,14.6899
8/7/2022 17:55,35.52,14.6933
8/7/2022 18:0,35.56,14.6936
8/7/2022 18:5,35.48,14.6967
8/7/2022 18:10,35.48,14.697
8/7/2022 18:15,35.48,14.6967
8/7/2022 18:20,35.43,14.697
8/7/2022 18:25,35.39,14.7
8/7/2022 18:30,35.35,14.7
8/7/2022 18:35,35.3,14.7
8/7/2022 18:40,35.3,14.7
8/7/2022 18:45,35.39,14.7034
8/7/2022 18:50,35.39,14.7037
8/7/2022 18:55,35.39,14.7037
8/7/2022 19:0,35.43,14.7037
8/7/2022 19:5,35.43,14.7037
8/7/2022 19:10,35.48,14.7037
8/7/2022 19:15,35.43,14.7071
8/7/2022 19:20,35.43,14.704
8/7/2022 19:25,35.48,14.704
8/7/2022 19:30,35.48,14.704
8/7/2022 19:35,35.48,14.6976
8/7/2022 19:40,35.39,14.704
8/7/2022 19:45,35.43,14.7007
8/7/2022 19:50,35.48,14.701
8/7/2022 19:55,35.48,14.7007
8/8/2022 16:0,35.52,14.7034
8/8/2022 16:5,35.6,14.7065
8/8/2022 16:10,35.56,14.7065
8/8/2022 16:15,35.56,14.7096
8/8/2022 16:20,35.52,14.713
8/8/2022 16:25,35.52,14.7127
8/8/2022 16:30,35.52,14.7127
8/8/2022 16:35,35.56,14.716
8/8/2022 16:40,35.52,14.716
8/8/2022 16:45,35.43,14.7194
8/8/2022 16:50,35.43,14.7191
8/8/2022 16:55,35.48,14.7225
8/8/2022 17:0,35.43,14.7225
8/8/2022 17:5,35.48,14.7222
8/8/2022 17:10,35.43,14.7225
8/8/2022 17:15,35.43,14.7259
8/8/2022 17:20,35.39,14.7259
8/8/2022 17:25,35.35,14.729
8/8/2022 17:30,35.43,14.732
8/8/2022 17:35,35.39,14.732
8/8/2022 17:40,35.43,14.7354
8/8/2022 17:45,35.43,14.7388
8/8/2022 17:50,35.43,14.7388
8/8/2022 17:55,35.39,14.7419
8/8/2022 18:0,35.48,14.745
8/8/2022 18:5,35.43,14.7483
8/8/2022 18:10,35.43,14.7487
8/8/2022 18:15,35.39,14.7517
8/8/2022 18:20,35.39,14.7551
8/8/2022 18:25,35.39,14.7551
8/8/2022 18:30,35.39,14.7585
8/8/2022 18:35,35.43,14.7616
8/8/2022 18:40,35.43,14.7619
8/8/2022 18:45,35.43,14.765
8/8/2022 18:50,35.43,14.7653
8/8/2022 18:55,35.48,14.7653
8/8/2022 19:0,35.43,14.769
8/8/2022 19:5,35.52,14.769
8/8/2022 19:10,35.52,14.7656
8/8/2022 19:15,35.48,14.7693
8/8/2022 19:20,35.48,14.7693
8/8/2022 19:25,35.48,14.7659
8/8/2022 19:30,35.39,14.7677
8/8/2022 19:35,35.39,14.7662
8/8/2022 19:40,35.48,14.7662
8/8/2022 19:45,35.48,14.7662
8/8/2022 19:50,35.43,14.7662
8/8/2022 19:55,35.52,14.7634
8/9/2022 16:0,35.48,14.7899
8/9/2022 16:5,35.52,14.7899
8/9/2022 16:10,35.56,14.7936
8/9/2022 16:15,35.6,14.7939
8/9/2022 16:20,35.52,14.7939
8/9/2022 16:25,35.56,14.7939
8/9/2022 16:30,35.6,14.7939
8/9/2022 16:35,35.65,14.7942
8/9/2022 16:40,35.6,14.7939
8/9/2022 16:45,35.56,14.7939
8/9/2022 16:50,35.6,14.7939
8/9/2022 16:55,35.56,14.7939
8/9/2022 17:0,35.6,14.7939
8/9/2022 17:5,35.6,14.7939
8/9/2022 17:10,35.56,14.7936
8/9/2022 17:15,35.56,14.7939
8/9/2022 17:20,35.56,14.7936
8/9/2022 17:25,35.56,14.7936
8/9/2022 17:30,35.56,14.7936
8/9/2022 17:35,35.56,14.7936
8/9/2022 17:40,35.6,14.7936
8/9/2022 17:45,35.6,14.7936
8/9/2022 17:50,35.56,14.7902
8/9/2022 17:55,35.56,14.7936
8/9/2022 18:0,35.56,14.7902
8/9/2022 18:5,35.56,14.7902
8/9/2022 18:10,35.56,14.7936
8/9/2022 18:15,35.56,14.7936
8/9/2022 18:20,35.56,14.7939
8/9/2022 18:25,35.6,14.7939
8/9/2022 18:30,35.56,14.7939
8/9/2022 18:35,35.6,14.7939
8/9/2022 18:40,35.6,14.7936
8/9/2022 18:45,35.52,14.7939
8/9/2022 18:50,35.52,14.7942
8/9/2022 18:55,35.56,14.7905
8/9/2022 19:0,35.56,14.7905
8/9/2022 19:5,35.52,14.7905
8/9/2022 19:10,35.56,14.7905
8/9/2022 19:15,35.52,14.7908
8/9/2022 19:20,35.52,14.7908
8/9/2022 19:25,35.52,14.7908
8/9/2022 19:30,35.56,14.7908
8/9/2022 19:35,35.56,14.7911
8/9/2022 19:40,35.6,14.7908
8/9/2022 19:45,35.6,14.7911
8/9/2022 19:50,35.65,14.7911
8/9/2022 19:55,35.65,14.7911
8/10/2022 16:0,35.65,14.7471
8/10/2022 16:5,35.65,14.7468
8/10/2022 16:10,35.65,14.7499
8/10/2022 16:15,35.65,14.7502
8/10/2022 16:20,35.69,14.7502
8/10/2022 16:25,35.69,14.753
8/10/2022 16:30,35.73,14.753
8/10/2022 16:35,35.73,14.753
8/10/2022 16:40,35.73,14.7597
8/10/2022 16:45,35.69,14.7628
8/10/2022 16:50,35.65,14.7668
8/10/2022 16:55,35.65,14.7668
8/10/2022 17:0,35.69,14.7702
8/10/2022 17:5,35.6,14.7705
8/10/2022 17:10,35.65,14.7708
8/10/2022 17:15,35.65,14.7708
8/10/2022 17:20,35.6,14.7739
8/10/2022 17:25,35.6,14.7773
8/10/2022 17:30,35.65,14.7776
8/10/2022 17:35,35.69,14.7776
8/10/2022 17:40,35.65,14.7813
8/10/2022 17:45,35.6,14.7843
8/10/2022 17:50,35.6,14.7843
8/10/2022 17:55,35.56,14.7843
8/10/2022 18:0,35.56,14.7843
8/10/2022 18:5,35.6,14.7813
8/10/2022 18:10,35.6,14.7846
8/10/2022 18:15,35.6,14.7846
8/10/2022 18:20,35.6,14.7846
8/10/2022 18:25,35.6,14.788
8/10/2022 18:30,35.56,14.788
8/10/2022 18:35,35.6,14.785
8/10/2022 18:40,35.6,14.788
8/10/2022 18:45,35.6,14.785
8/10/2022 18:50,35.6,14.785
8/10/2022 18:55,35.56,14.7853
8/10/2022 19:0,35.56,14.785
8/10/2022 19:5,35.56,14.785
8/10/2022 19:10,35.6,14.7853
8/10/2022 19:15,35.56,14.785
8/10/2022 19:20,35.56,14.785
8/10/2022 19:25,35.56,14.785
8/10/2022 19:30,35.56,14.7788
8/10/2022 19:35,35.52,14.7825
8/10/2022 19:40,35.56,14.7828
8/10/2022 19:45,35.56,14.7831
8/10/2022 19:50,35.56,14.7837
8/10/2022 19:55,35.56,14.7837
8/11/2022 16:0,35.69,14.7191
8/11/2022 16:5,35.73,14.7191
8/11/2022 16:10,35.82,14.7096
8/11/2022 16:15,35.82,14.697
8/11/2022 16:20,35.82,14.6874
8/11/2022 16:25,35.82,14.6905
8/11/2022 16:30,35.9,14.697
8/11/2022 16:35,35.95,14.7004
8/11/2022 16:40,35.9,14.7037
8/11/2022 16:45,35.86,14.7068
8/11/2022 16:50,35.86,14.7068
8/11/2022 16:55,35.86,14.7068
8/11/2022 17:0,35.86,14.7099
8/11/2022 17:5,35.95,14.7102
8/11/2022 17:10,35.9,14.713
8/11/2022 17:15,35.95,14.713
8/11/2022 17:20,35.99,14.7167
8/11/2022 17:25,36.08,14.7194
8/11/2022 17:30,36.08,14.7225
8/11/2022 17:35,36.03,14.7262
8/11/2022 17:40,35.99,14.7262
8/11/2022 17:45,35.99,14.7293
8/11/2022 17:50,35.95,14.7293
8/11/2022 17:55,36.03,14.7293
8/11/2022 18:0,36.03,14.7323
8/11/2022 18:5,36.03,14.7323
8/11/2022 18:10,36.08,14.7323
8/11/2022 18:15,36.08,14.736
8/11/2022 18:20,36.08,14.7357
8/11/2022 18:25,36.08,14.736
8/11/2022 18:30,36.12,14.736
8/11/2022 18:35,36.08,14.7391
8/11/2022 18:40,35.99,14.7391
8/11/2022 18:45,35.95,14.7394
8/11/2022 18:50,36.03,14.7422
8/11/2022 18:55,35.95,14.7425
8/11/2022 19:0,35.95,14.7425
8/11/2022 19:5,35.99,14.7397
8/11/2022 19:10,35.99,14.7428
8/11/2022 19:15,35.99,14.7428
8/11/2022 19:20,36.03,14.7431
8/11/2022 19:25,36.08,14.7434
8/11/2022 19:30,36.12,14.7437
8/11/2022 19:35,36.08,14.744
8/11/2022 19:40,36.08,14.741
8/11/2022 19:45,36.08,14.741
8/11/2022 19:50,36.16,14.741
8/11/2022 19:55,36.12,14.741
8/12/2022 16:0,35.82,14.7145
8/12/2022 16:5,35.78,14.7148
8/12/2022 16:10,35.78,14.7148
8/12/2022 16:15,35.73,14.7179
8/12/2022 16:20,35.69,14.7182
8/12/2022 16:25,35.73,14.7182
8/12/2022 16:30,35.65,14.7182
8/12/2022 16:35,35.6,14.7213
8/12/2022 16:40,35.65,14.7213
8/12/2022 16:45,35.69,14.7243
8/12/2022 16:50,35.69,14.7243
8/12/2022 16:55,35.73,14.7243
8/12/2022 17:0,35.73,14.7277
8/12/2022 17:5,35.73,14.7277
8/12/2022 17:10,35.73,14.7277
8/12/2022 17:15,35.78,14.7277
8/12/2022 17:20,35.82,14.7277
8/12/2022 17:25,35.82,14.7308
8/12/2022 17:30,35.82,14.7308
8/12/2022 17:35,35.82,14.7323
8/12/2022 17:40,35.82,14.7339
8/12/2022 17:45,35.82,14.7339
8/12/2022 17:50,35.82,14.7342
8/12/2022 17:55,35.9,14.7339
8/12/2022 18:0,35.9,14.7342
8/12/2022 18:5,35.86,14.7342
8/12/2022 18:10,35.9,14.7376
8/12/2022 18:15,35.82,14.7376
8/12/2022 18:20,35.78,14.7376
8/12/2022 18:25,35.82,14.7311
8/12/2022 18:30,35.82,14.7379
8/12/2022 18:35,35.86,14.7379
8/12/2022 18:40,35.95,14.7382
8/12/2022 18:45,35.86,14.7413
8/12/2022 18:50,35.95,14.7413
8/12/2022 18:55,35.95,14.7413
8/12/2022 19:0,35.99,14.7413
8/12/2022 19:5,35.95,14.7413
8/12/2022 19:10,35.99,14.7413
8/12/2022 19:15,35.9,14.7416
8/12/2022 19:20,35.99,14.7416
8/12/2022 19:25,36.03,14.7385
8/12/2022 19:30,35.99,14.7385
8/12/2022 19:35,35.95,14.7385
8/12/2022 19:40,35.99,14.7385
8/12/2022 19:45,35.99,14.7385
8/12/2022 19:50,35.99,14.7388
8/12/2022 19:55,35.9,14.7388
8/13/2022 16:0,35.86,14.748
8/13/2022 16:5,35.9,14.7517
8/13/2022 16:10,35.9,14.7517
8/13/2022 16:15,35.95,14.752
8/13/2022 16:20,35.95,14.7523
8/13/2022 16:25,35.95,14.7496
8/13/2022 16:30,35.95,14.7499
8/13/2022 16:35,35.95,14.7499
8/13/2022 16:40,35.9,14.7499
8/13/2022 16:45,35.95,14.7465
8/13/2022 16:50,35.95,14.7468
8/13/2022 16:55,35.95,14.7468
8/13/2022 17:0,35.9,14.7471
8/13/2022 17:5,35.9,14.7505
8/13/2022 17:10,35.86,14.7508
8/13/2022 17:15,35.82,14.7477
8/13/2022 17:20,35.82,14.7514
8/13/2022 17:25,35.82,14.748
8/13/2022 17:30,35.82,14.7517
8/13/2022 17:35,35.86,14.7517
8/13/2022 17:40,35.86,14.7517
8/13/2022 17:45,35.78,14.7487
8/13/2022 17:50,35.86,14.7487
8/13/2022 17:55,35.9,14.7487
8/13/2022 18:0,35.9,14.749
8/13/2022 18:5,35.86,14.749
8/13/2022 18:10,35.86,14.749
8/13/2022 18:15,35.9,14.749
8/13/2022 18:20,35.9,14.7459
8/13/2022 18:25,35.95,14.749
8/13/2022 18:30,35.9,14.7462
8/13/2022 18:35,35.9,14.7462
8/13/2022 18:40,35.99,14.7462
8/13/2022 18:45,35.99,14.7462
8/13/2022 18:50,36.03,14.7465
8/13/2022 18:55,35.99,14.7465
8/13/2022 19:0,35.95,14.7465
8/13/2022 19:5,35.99,14.7465
8/13/2022 19:10,35.95,14.7465
8/13/2022 19:15,35.95,14.7465
8/13/2022 19:20,35.9,14.7465
8/13/2022 19:25,35.9,14.7434
8/13/2022 19:30,35.82,14.7465
8/13/2022 19:35,35.82,14.7434
8/13/2022 19:40,35.86,14.7434
8/13/2022 19:45,35.86,14.7431
8/13/2022 19:50,35.9,14.7431
8/13/2022 19:55,35.9,14.7431
8/14/2022 16:0,35.43,14.677
8/14/2022 16:5,35.43,14.6773
8/14/2022 16:10,35.39,14.6773
8/14/2022 16:15,35.48,14.6773
8/14/2022 16:20,35.52,14.6804
8/14/2022 16:25,35.52,14.6804
8/14/2022 16:30,35.48,14.6773
8/14/2022 16:35,35.52,14.6807
8/14/2022 16:40,35.52,14.6804
8/14/2022 16:45,35.56,14.6807
8/14/2022 16:50,35.52,14.6807
8/14/2022 16:55,35.48,14.6844
8/14/2022 17:0,35.6,14.6874
8/14/2022 17:5,35.65,14.6908
8/14/2022 17:10,35.6,14.7004
8/14/2022 17:15,35.65,14.7071
8/14/2022 17:20,35.65,14.7102
8/14/2022 17:25,35.6,14.7133
8/14/2022 17:30,35.6,14.717
8/14/2022 17:35,35.65,14.7203
8/14/2022 17:40,35.65,14.7234
8/14/2022 17:45,35.65,14.7207
8/14/2022 17:50,35.65,14.7237
8/14/2022 17:55,35.65,14.724
8/14/2022 18:0,35.69,14.7274
8/14/2022 18:5,35.69,14.7274
8/14/2022 18:10,35.65,14.7277
8/14/2022 18:15,35.69,14.7277
8/14/2022 18:20,35.6,14.7277
8/14/2022 18:25,35.56,14.7283
8/14/2022 18:30,35.6,14.7283
8/14/2022 18:35,35.65,14.7287
8/14/2022 18:40,35.69,14.729
8/14/2022 18:45,35.73,14.7293
8/14/2022 18:50,35.73,14.7296
8/14/2022 18:55,35.73,14.7296
8/14/2022 19:0,35.73,14.7265
8/14/2022 19:5,35.69,14.7268
8/14/2022 19:10,35.73,14.7265
8/14/2022 19:15,35.73,14.7268
8/14/2022 19:20,35.73,14.7268
8/14/2022 19:25,35.78,14.7268
8/14/2022 19:30,35.73,14.724
8/14/2022 19:35,35.73,14.7271
8/14/2022 19:40,35.73,14.7237
8/14/2022 19:45,35.73,14.7237
8/14/2022 19:50,35.73,14.7237
8/14/2022 19:55,35.73,14.7237
8/15/2022 16:0,35.56,13.9482
8/15/2022 16:5,35.56,13.9482
8/15/2022 16:10,35.6,13.9516
8/15/2022 16:15,35.6,13.9516
8/15/2022 16:20,35.6,13.9512
8/15/2022 16:25,35.65,13.9516
8/15/2022 16:30,35.6,13.9516
8/15/2022 16:35,35.6,13.9543
8/15/2022 16:40,35.56,13.9543
8/15/2022 16:45,35.56,13.958
8/15/2022 16:50,35.52,13.958
8/15/2022 16:55,35.48,13.958
8/15/2022 17:0,35.52,13.958
8/15/2022 17:5,35.56,13.9611
8/15/2022 17:10,35.56,13.9614
8/15/2022 17:15,35.56,13.9611
8/15/2022 17:20,35.56,13.9611
8/15/2022 17:25,35.56,13.9645
8/15/2022 17:30,35.52,13.9645
8/15/2022 17:35,35.52,13.9648
8/15/2022 17:40,35.56,13.9682
8/15/2022 17:45,35.56,13.9715
8/15/2022 17:50,35.52,13.9715
8/15/2022 17:55,35.6,13.9746
8/15/2022 18:0,35.6,13.9777
8/15/2022 18:5,35.56,13.9777
8/15/2022 18:10,35.6,13.9814
8/15/2022 18:15,35.6,13.9814
8/15/2022 18:20,35.6,13.9814
8/15/2022 18:25,35.65,13.978
8/15/2022 18:30,35.6,13.9845
8/15/2022 18:35,35.6,13.9848
8/15/2022 18:40,35.65,13.9848
8/15/2022 18:45,35.65,13.9848
8/15/2022 18:50,35.65,13.9882
8/15/2022 18:55,35.69,13.9851
8/15/2022 19:0,35.65,13.9882
8/15/2022 19:5,35.65,13.9882
8/15/2022 19:10,35.73,13.9882
8/15/2022 19:15,35.56,13.9885
8/15/2022 19:20,35.52,13.9885
8/15/2022 19:25,35.43,13.9885
8/15/2022 19:30,35.48,13.9885
8/15/2022 19:35,35.43,13.9857
8/15/2022 19:40,35.39,13.986
8/15/2022 19:45,35.48,13.986
8/15/2022 19:50,35.56,13.986
8/15/2022 19:55,35.56,13.986
8/16/2022 16:0,35.43,13.9635
8/16/2022 16:5,35.48,13.9635
8/16/2022 16:10,35.48,13.9639
8/16/2022 16:15,35.48,13.9669
8/16/2022 16:20,35.48,13.9635
8/16/2022 16:25,35.52,13.9639
8/16/2022 16:30,35.52,13.9672
8/16/2022 16:35,35.52,13.9672
8/16/2022 16:40,35.52,13.9669
8/16/2022 16:45,35.56,13.9672
8/16/2022 16:50,35.52,13.9703
8/16/2022 16:55,35.48,13.9703
8/16/2022 17:0,35.52,13.9703
8/16/2022 17:5,35.43,13.9703
8/16/2022 17:10,35.48,13.9703
8/16/2022 17:15,35.43,13.9734
8/16/2022 17:20,35.48,13.9734
8/16/2022 17:25,35.43,13.9706
8/16/2022 17:30,35.43,13.9703
8/16/2022 17:35,35.43,13.9672
8/16/2022 17:40,35.48,13.9642
8/16/2022 17:45,35.43,13.9512
8/16/2022 17:50,35.48,13.9485
8/16/2022 17:55,35.48,13.9485
8/16/2022 18:0,35.52,13.9516
8/16/2022 18:5,35.48,13.9546
8/16/2022 18:10,35.43,13.9583
8/16/2022 18:15,35.43,13.9583
8/16/2022 18:20,35.43,13.9617
8/16/2022 18:25,35.39,13.9617
8/16/2022 18:30,35.43,13.9617
8/16/2022 18:35,35.39,13.9617
8/16/2022 18:40,35.35,13.9617
8/16/2022 18:45,35.35,13.962
8/16/2022 18:50,35.35,13.9685
8/16/2022 18:55,35.3,13.9703
8/16/2022 19:0,35.26,13.9562
8/16/2022 19:5,35.22,13.966
8/16/2022 19:10,35.22,13.9697
8/16/2022 19:15,35.26,13.9663
8/16/2022 19:20,35.3,13.9666
8/16/2022 19:25,35.3,13.9669
8/16/2022 19:30,35.35,13.9669
8/16/2022 19:35,35.39,13.9669
8/16/2022 19:40,35.39,13.9642
8/16/2022 19:45,35.43,13.9642
8/16/2022 19:50,35.39,13.9639
8/16/2022 19:55,35.39,13.9642
8/17/2022 16:0,35.52,13.9414
8/17/2022 16:5,35.56,13.9414
8/17/2022 16:10,35.52,13.9414
8/17/2022 16:15,35.52,13.9414
8/17/2022 16:20,35.56,13.9414
8/17/2022 16:25,35.6,13.9411
8/17/2022 16:30,35.6,13.9414
8/17/2022 16:35,35.56,13.9414
8/17/2022 16:40,35.52,13.9414
8/17/2022 16:45,35.52,13.9417
8/17/2022 16:50,35.56,13.9386
8/17/2022 16:55,35.56,13.9417
8/17/2022 17:0,35.6,13.942
8/17/2022 17:5,35.6,13.9451
8/17/2022 17:10,35.65,13.9454
8/17/2022 17:15,35.6,13.9457
8/17/2022 17:20,35.56,13.9491
8/17/2022 17:25,35.56,13.9491
8/17/2022 17:30,35.56,13.9525
8/17/2022 17:35,35.52,13.9522
8/17/2022 17:40,35.56,13.9552
8/17/2022 17:45,35.48,13.9552
8/17/2022 17:50,35.48,13.9556
8/17/2022 17:55,35.52,13.9589
8/17/2022 18:0,35.52,13.9589
8/17/2022 18:5,35.52,13.9592
8/17/2022 18:10,35.52,13.9654
8/17/2022 18:15,35.56,13.9654
8/17/2022 18:20,35.52,13.9657
8/17/2022 18:25,35.48,13.9657
8/17/2022 18:30,35.48,13.9691
8/17/2022 18:35,35.43,13.9629
8/17/2022 18:40,35.43,13.9697
8/17/2022 18:45,35.43,13.9697
8/17/2022 18:50,35.43,13.97
8/17/2022 18:55,35.35,13.9703
8/17/2022 19:0,35.39,13.9706
8/17/2022 19:5,35.43,13.9645
8/17/2022 19:10,35.48,13.9709
8/17/2022 19:15,35.43,13.9679
8/17/2022 19:20,35.48,13.9682
8/17/2022 19:25,35.48,13.9682
8/17/2022 19:30,35.43,13.9685
8/17/2022 19:35,35.43,13.9688
8/17/2022 19:40,35.43,13.9688
8/17/2022 19:45,35.43,13.9694
8/17/2022 19:50,35.35,13.9792
8/17/2022 19:55,35.35,13.9826
8/18/2022 16:0,35.3,14.0014
8/18/2022 16:5,35.39,14.0014
8/18/2022 16:10,35.43,14.0051
8/18/2022 16:15,35.43,14.0051
8/18/2022 16:20,35.39,14.0017
8/18/2022 16:25,35.39,14.0017
8/18/2022 16:30,35.43,13.9986
8/18/2022 16:35,35.43,13.9986
8/18/2022 16:40,35.43,13.9986
8/18/2022 16:45,35.39,13.9986
8/18/2022 16:50,35.39,13.9983
8/18/2022 16:55,35.39,13.9955
8/18/2022 17:0,35.48,13.9974
8/18/2022 17:5,35.39,13.9983
8/18/2022 17:10,35.43,13.998
8/18/2022 17:15,35.39,13.9949
8/18/2022 17:20,35.43,13.9946
8/18/2022 17:25,35.43,13.9912
8/18/2022 17:30,35.48,13.9783
8/18/2022 17:35,35.48,13.9589
8/18/2022 17:40,35.48,13.9559
8/18/2022 17:45,35.43,13.9623
8/18/2022 17:50,35.43,13.9685
8/18/2022 17:55,35.48,13.9719
8/18/2022 18:0,35.52,13.9719
8/18/2022 18:5,35.52,13.9749
8/18/2022 18:10,35.56,13.9749
8/18/2022 18:15,35.6,13.9746
8/18/2022 18:20,35.65,13.9777
8/18/2022 18:25,35.65,13.9777
8/18/2022 18:30,35.6,13.978
8/18/2022 18:35,35.65,13.9811
8/18/2022 18:40,35.56,13.9811
8/18/2022 18:45,35.6,13.9811
8/18/2022 18:50,35.56,13.9845
8/18/2022 18:55,35.56,13.9842
8/18/2022 19:0,35.56,13.9875
8/18/2022 19:5,35.56,13.9875
8/18/2022 19:10,35.56,13.9875
8/18/2022 19:15,35.56,13.9879
8/18/2022 19:20,35.6,13.9879
8/18/2022 19:25,35.56,13.9879
8/18/2022 19:30,35.56,13.9882
8/18/2022 19:35,35.56,13.9882
8/18/2022 19:40,35.56,13.9882
8/18/2022 19:45,35.56,13.9882
8/18/2022 19:50,35.52,13.9882
8/18/2022 19:55,35.56,13.9851
8/19/2022 16:0,35.65,13.9928
8/19/2022 16:5,35.69,13.9928
8/19/2022 16:10,35.69,13.9925
8/19/2022 16:15,35.69,13.9925
8/19/2022 16:20,35.65,13.9925
8/19/2022 16:25,35.65,13.9925
8/19/2022 16:30,35.65,13.9925
8/19/2022 16:35,35.65,13.9894
8/19/2022 16:40,35.69,13.9897
8/19/2022 16:45,35.6,13.9894
8/19/2022 16:50,35.69,13.9894
8/19/2022 16:55,35.65,13.9894
8/19/2022 17:0,35.65,13.9925
8/19/2022 17:5,35.56,13.9925
8/19/2022 17:10,35.56,13.9959
8/19/2022 17:15,35.56,13.9959
8/19/2022 17:20,35.52,13.9992
8/19/2022 17:25,35.56,13.9992
8/19/2022 17:30,35.6,13.9992
8/19/2022 17:35,35.52,14.0023
8/19/2022 17:40,35.52,14.002
8/19/2022 17:45,35.52,14.0023
8/19/2022 17:50,35.48,14.002
8/19/2022 17:55,35.48,14.0057
8/19/2022 18:0,35.48,14.0054
8/19/2022 18:5,35.48,14.0054
8/19/2022 18:10,35.43,14.0088
8/19/2022 18:15,35.52,14.0088
8/19/2022 18:20,35.48,14.0088
8/19/2022 18:25,35.52,14.0118
8/19/2022 18:30,35.48,14.0118
8/19/2022 18:35,35.56,14.0118
8/19/2022 18:40,35.48,14.0118
8/19/2022 18:45,35.43,14.0118
8/19/2022 18:50,35.43,14.0118
8/19/2022 18:55,35.43,14.0149
8/19/2022 19:0,35.39,14.0152
8/19/2022 19:5,35.39,14.0152
8/19/2022 19:10,35.39,14.0152
8/19/2022 19:15,35.35,14.0152
8/19/2022 19:20,35.35,14.0155
8/19/2022 19:25,35.35,14.0152
8/19/2022 19:30,35.3,14.0152
8/19/2022 19:35,35.3,14.0155
8/19/2022 19:40,35.3,14.0125
8/19/2022 19:45,35.3,14.0122
8/19/2022 19:50,35.26,14.0122
8/19/2022 19:55,35.22,14.0122
8/20/2022 16:0,35.22,13.9285
8/20/2022 16:5,35.26,13.9319
8/20/2022 16:10,35.26,13.938
8/20/2022 16:15,35.26,13.9411
8/20/2022 16:20,35.35,13.9411
8/20/2022 16:25,35.3,13.9442
8/20/2022 16:30,35.3,13.9445
8/20/2022 16:35,35.3,13.9445
8/20/2022 16:40,35.3,13.9445
8/20/2022 16:45,35.3,13.9445
8/20/2022 16:50,35.22,13.9445
8/20/2022 16:55,35.26,13.9476
8/20/2022 17:0,35.26,13.9476
8/20/2022 17:5,35.26,13.9476
8/20/2022 17:10,35.26,13.9476
8/20/2022 17:15,35.3,13.9476
8/20/2022 17:20,35.3,13.9476
8/20/2022 17:25,35.35,13.9476
8/20/2022 17:30,35.3,13.9476
8/20/2022 17:35,35.3,13.9476
8/20/2022 17:40,35.3,13.9476
8/20/2022 17:45,35.35,13.9476
8/20/2022 17:50,35.35,13.9476
8/20/2022 17:55,35.39,13.9506
8/20/2022 18:0,35.35,13.9509
8/20/2022 18:5,35.3,13.9506
8/20/2022 18:10,35.3,13.9509
8/20/2022 18:15,35.3,13.9543
8/20/2022 18:20,35.3,13.9543
8/20/2022 18:25,35.26,13.9543
8/20/2022 18:30,35.26,13.9543
8/20/2022 18:35,35.26,13.9543
8/20/2022 18:40,35.22,13.9574
8/20/2022 18:45,35.22,13.9605
8/20/2022 18:50,35.3,13.9639
8/20/2022 18:55,35.3,13.9672
8/20/2022 19:0,35.26,13.9703
8/20/2022 19:5,35.26,13.9737
8/20/2022 19:10,35.26,13.9768
8/20/2022 19:15,35.35,13.9802
8/20/2022 19:20,35.3,13.9802
8/20/2022 19:25,35.35,13.9802
8/20/2022 19:30,35.35,13.9802
8/20/2022 19:35,35.39,13.9802
8/20/2022 19:40,35.35,13.9802
8/20/2022 19:45,35.35,13.9805
8/20/2022 19:50,35.35,13.9802
8/20/2022 19:55,35.35,13.9805
8/21/2022 16:0,35.52,13.9183
8/21/2022 16:5,35.52,13.9183
8/21/2022 16:10,35.6,13.9214
8/21/2022 16:15,35.6,13.9183
8/21/2022 16:20,35.56,13.9214
8/21/2022 16:25,35.6,13.9214
8/21/2022 16:30,35.56,13.9248
8/21/2022 16:35,35.65,13.9248
8/21/2022 16:40,35.6,13.9248
8/21/2022 16:45,35.6,13.9248
8/21/2022 16:50,35.6,13.9248
8/21/2022 16:55,35.65,13.9248
8/21/2022 17:0,35.65,13.9248
8/21/2022 17:5,35.6,13.9251
8/21/2022 17:10,35.65,13.9282
8/21/2022 17:15,35.65,13.9285
8/21/2022 17:20,35.65,13.9285
8/21/2022 17:25,35.65,13.9282
8/21/2022 17:30,35.65,13.9316
8/21/2022 17:35,35.65,13.9316
8/21/2022 17:40,35.65,13.9316
8/21/2022 17:45,35.69,13.9319
8/21/2022 17:50,35.65,13.9346
8/21/2022 17:55,35.65,13.9349
8/21/2022 18:0,35.65,13.9349
8/21/2022 18:5,35.65,13.9383
8/21/2022 18:10,35.65,13.9383
8/21/2022 18:15,35.69,13.9417
8/21/2022 18:20,35.69,13.942
8/21/2022 18:25,35.69,13.9451
8/21/2022 18:30,35.69,13.9482
8/21/2022 18:35,35.69,13.9516
8/21/2022 18:40,35.69,13.958
8/21/2022 18:45,35.65,13.9614
8/21/2022 18:50,35.69,13.9679
8/21/2022 18:55,35.69,13.9712
8/21/2022 19:0,35.69,13.9743
8/21/2022 19:5,35.69,13.9808
8/21/2022 19:10,35.69,13.9805
8/21/2022 19:15,35.69,13.9842
8/21/2022 19:20,35.65,13.9842
8/21/2022 19:25,35.6,13.9842
8/21/2022 19:30,35.65,13.9808
8/21/2022 19:35,35.65,13.9805
8/21/2022 19:40,35.65,13.9808
8/21/2022 19:45,35.65,13.9808
8/21/2022 19:50,35.65,13.9808
8/21/2022 19:55,35.65,13.9808
8/22/2022 16:0,35.3,13.9303
8/22/2022 16:5,35.3,13.9239
8/22/2022 16:10,35.35,13.9239
8/22/2022 16:15,35.35,13.9239
8/22/2022 16:20,35.3,13.9272
8/22/2022 16:25,35.35,13.9303
8/22/2022 16:30,35.39,13.9334
8/22/2022 16:35,35.43,13.9368
8/22/2022 16:40,35.48,13.9368
8/22/2022 16:45,35.48,13.9368
8/22/2022 16:50,35.48,13.9402
8/22/2022 16:55,35.43,13.9371
8/22/2022 17:0,35.48,13.9436
8/22/2022 17:5,35.52,13.9436
8/22/2022 17:10,35.52,13.9436
8/22/2022 17:15,35.52,13.9466
8/22/2022 17:20,35.48,13.9534
8/22/2022 17:25,35.52,13.9534
8/22/2022 17:30,35.48,13.9599
8/22/2022 17:35,35.43,13.9632
8/22/2022 17:40,35.48,13.966
8/22/2022 17:45,35.48,13.9697
8/22/2022 17:50,35.48,13.9728
8/22/2022 17:55,35.48,13.9755
8/22/2022 18:0,35.52,13.9759
8/22/2022 18:5,35.52,13.9789
8/22/2022 18:10,35.52,13.9789
8/22/2022 18:15,35.48,13.9826
8/22/2022 18:20,35.6,13.9823
8/22/2022 18:25,35.56,13.9854
8/22/2022 18:30,35.56,13.9854
8/22/2022 18:35,35.65,13.9885
8/22/2022 18:40,35.6,13.9922
8/22/2022 18:45,35.56,13.9922
8/22/2022 18:50,35.56,13.9952
8/22/2022 18:55,35.56,13.9955
8/22/2022 19:0,35.56,13.9983
8/22/2022 19:5,35.6,13.9986
8/22/2022 19:10,35.65,14.002
8/22/2022 19:15,35.6,14.0023
8/22/2022 19:20,35.69,14.0023
8/22/2022 19:25,35.69,13.9989
8/22/2022 19:30,35.73,13.9989
8/22/2022 19:35,35.65,13.9992
8/22/2022 19:40,35.69,13.9992
8/22/2022 19:45,35.69,13.9995
8/22/2022 19:50,35.65,13.9995
8/22/2022 19:55,35.6,13.9995
8/23/2022 16:0,35.48,13.9866
8/23/2022 16:5,35.52,13.9835
8/23/2022 16:10,35.6,13.9835
8/23/2022 16:15,35.56,13.9869
8/23/2022 16:20,35.56,13.9869
8/23/2022 16:25,35.65,13.9903
8/23/2022 16:30,35.6,13.9903
8/23/2022 16:35,35.65,13.9906
8/23/2022 16:40,35.69,13.9934
8/23/2022 16:45,35.65,13.9968
8/23/2022 16:50,35.69,13.9968
8/23/2022 16:55,35.69,14.0002
8/23/2022 17:0,35.73,14.0032
8/23/2022 17:5,35.78,14.0063
8/23/2022 17:10,35.78,14.0063
8/23/2022 17:15,35.78,14.0094
8/23/2022 17:20,35.78,14.0131
8/23/2022 17:25,35.78,14.0134
8/23/2022 17:30,35.78,14.0162
8/23/2022 17:35,35.82,14.0162
8/23/2022 17:40,35.78,14.0195
8/23/2022 17:45,35.73,14.0195
8/23/2022 17:50,35.82,14.0195
8/23/2022 17:55,35.73,14.0232
8/23/2022 18:0,35.82,14.0232
8/23/2022 18:5,35.78,14.0232
8/23/2022 18:10,35.78,14.0263
8/23/2022 18:15,35.82,14.0263
8/23/2022 18:20,35.82,14.0263
8/23/2022 18:25,35.78,14.0263
8/23/2022 18:30,35.82,14.0263
8/23/2022 18:35,35.82,14.0266
8/23/2022 18:40,35.82,14.0266
8/23/2022 18:45,35.82,14.0266
8/23/2022 18:50,35.82,14.0269
8/23/2022 18:55,35.82,14.03
8/23/2022 19:0,35.82,14.0303
8/23/2022 19:5,35.86,14.0306
8/23/2022 19:10,35.86,14.0278
8/23/2022 19:15,35.82,14.0282
8/23/2022 19:20,35.82,14.0282
8/23/2022 19:25,35.86,14.0318
8/23/2022 19:30,35.82,14.0355
8/23/2022 19:35,35.82,14.0358
8/23/2022 19:40,35.86,14.0328
8/23/2022 19:45,35.86,14.0331
8/23/2022 19:50,35.86,14.0303
8/23/2022 19:55,35.9,14.0334
8/24/2022 16:0,35.73,13.9872
8/24/2022 16:5,35.69,13.9872
8/24/2022 16:10,35.69,13.9909
8/24/2022 16:15,35.69,13.9909
8/24/2022 16:20,35.69,13.9909
8/24/2022 16:25,35.78,13.9909
8/24/2022 16:30,35.73,13.9909
8/24/2022 16:35,35.73,13.9909
8/24/2022 16:40,35.73,13.9909
8/24/2022 16:45,35.69,13.9845
8/24/2022 16:50,35.69,13.9654
8/24/2022 16:55,35.73,13.9592
8/24/2022 17:0,35.69,13.9691
8/24/2022 17:5,35.69,13.9848
8/24/2022 17:10,35.69,14.0008
8/24/2022 17:15,35.73,14.0072
8/24/2022 17:20,35.65,14.014
8/24/2022 17:25,35.65,14.0238
8/24/2022 17:30,35.65,14.0629
8/24/2022 17:35,35.65,14.0897
8/24/2022 17:40,35.69,14.1005
8/24/2022 17:45,35.73,14.1014
8/24/2022 17:50,35.69,14.102
8/24/2022 17:55,35.73,14.0992
8/24/2022 18:0,35.73,14.0965
8/24/2022 18:5,35.78,14.0937
8/24/2022 18:10,35.78,14.0937
8/24/2022 18:15,35.78,14.1128
8/24/2022 18:20,35.82,14.126
8/24/2022 18:25,35.73,14.1361
8/24/2022 18:30,35.73,14.1364
8/24/2022 18:35,35.73,14.1328
8/24/2022 18:40,35.73,14.1331
8/24/2022 18:45,35.73,14.1331
8/24/2022 18:50,35.73,14.1331
8/24/2022 18:55,35.73,14.1303
8/24/2022 19:0,35.73,14.1303
8/24/2022 19:5,35.78,14.1272
8/24/2022 19:10,35.73,14.1269
8/24/2022 19:15,35.78,14.1269
8/24/2022 19:20,35.78,14.1235
8/24/2022 19:25,35.82,14.1232
8/24/2022 19:30,35.78,14.1232
8/24/2022 19:35,35.82,14.1229
8/24/2022 19:40,35.78,14.1229
8/24/2022 19:45,35.86,14.1198
8/24/2022 19:50,35.86,14.1198
8/24/2022 19:55,35.95,14.1198
8/25/2022 16:0,35.69,14.0451
8/25/2022 16:5,35.73,14.0485
8/25/2022 16:10,35.69,14.0485
8/25/2022 16:15,35.73,14.0485
8/25/2022 16:20,35.69,14.0515
8/25/2022 16:25,35.69,14.0515
8/25/2022 16:30,35.78,14.0549
8/25/2022 16:35,35.78,14.0549
8/25/2022 16:40,35.78,14.058
8/25/2022 16:45,35.78,14.058
8/25/2022 16:50,35.82,14.0552
8/25/2022 16:55,35.78,14.0614
8/25/2022 17:0,35.78,14.0648
8/25/2022 17:5,35.73,14.0648
8/25/2022 17:10,35.78,14.0648
8/25/2022 17:15,35.73,14.0678
8/25/2022 17:20,35.73,14.0678
8/25/2022 17:25,35.78,14.0678
8/25/2022 17:30,35.73,14.0681
8/25/2022 17:35,35.73,14.0712
8/25/2022 17:40,35.73,14.0712
8/25/2022 17:45,35.69,14.0743
8/25/2022 17:50,35.69,14.0777
8/25/2022 17:55,35.65,14.0841
8/25/2022 18:0,35.73,14.0838
8/25/2022 18:5,35.73,14.0875
8/25/2022 18:10,35.73,14.0909
8/25/2022 18:15,35.69,14.0909
8/25/2022 18:20,35.69,14.0909
8/25/2022 18:25,35.73,14.0909
8/25/2022 18:30,35.73,14.0912
8/25/2022 18:35,35.78,14.0912
8/25/2022 18:40,35.82,14.0915
8/25/2022 18:45,35.73,14.0915
8/25/2022 18:50,35.69,14.0885
8/25/2022 18:55,35.73,14.0888
8/25/2022 19:0,35.69,14.0891
8/25/2022 19:5,35.65,14.0894
8/25/2022 19:10,35.69,14.0894
8/25/2022 19:15,35.73,14.086
8/25/2022 19:20,35.69,14.0894
8/25/2022 19:25,35.73,14.0863
8/25/2022 19:30,35.78,14.0866
8/25/2022 19:35,35.73,14.0866
8/25/2022 19:40,35.73,14.0869
8/25/2022 19:45,35.69,14.0869
8/25/2022 19:50,35.73,14.0869
8/25/2022 19:55,35.73,14.0838
8/26/2022 16:0,35.82,14.0478
8/26/2022 16:5,35.86,14.0448
8/26/2022 16:10,35.86,14.038
8/26/2022 16:15,35.86,14.0158
8/26/2022 16:20,35.86,14.0128
8/26/2022 16:25,35.86,14.0189
8/26/2022 16:30,35.86,14.0254
8/26/2022 16:35,35.82,14.0254
8/26/2022 16:40,35.78,14.0322
8/26/2022 16:45,35.78,14.0322
8/26/2022 16:50,35.78,14.0352
8/26/2022 16:55,35.73,14.0355
8/26/2022 17:0,35.69,14.0355
8/26/2022 17:5,35.65,14.0386
8/26/2022 17:10,35.6,14.0386
8/26/2022 17:15,35.65,14.042
8/26/2022 17:20,35.69,14.042
8/26/2022 17:25,35.69,14.0454
8/26/2022 17:30,35.65,14.0485
8/26/2022 17:35,35.69,14.0485
8/26/2022 17:40,35.69,14.0488
8/26/2022 17:45,35.69,14.0518
8/26/2022 17:50,35.6,14.0518
8/26/2022 17:55,35.6,14.0518
8/26/2022 18:0,35.6,14.0552
8/26/2022 18:5,35.6,14.0552
8/26/2022 18:10,35.6,14.0586
8/26/2022 18:15,35.6,14.0586
8/26/2022 18:20,35.65,14.0586
8/26/2022 18:25,35.65,14.0586
8/26/2022 18:30,35.65,14.0586
8/26/2022 18:35,35.6,14.0589
8/26/2022 18:40,35.6,14.062
8/26/2022 18:45,35.56,14.062
8/26/2022 18:50,35.65,14.062
8/26/2022 18:55,35.56,14.062
8/26/2022 19:0,35.6,14.062
8/26/2022 19:5,35.56,14.0623
8/26/2022 19:10,35.56,14.062
8/26/2022 19:15,35.6,14.0623
8/26/2022 19:20,35.56,14.0623
8/26/2022 19:25,35.65,14.0623
8/26/2022 19:30,35.65,14.0592
8/26/2022 19:35,35.65,14.0592
8/26/2022 19:40,35.69,14.0592
8/26/2022 19:45,35.65,14.0595
8/26/2022 19:50,35.73,14.0595
8/26/2022 19:55,35.69,14.0595
8/27/2022 16:0,35.52,14.0611
8/27/2022 16:5,35.52,14.0614
8/27/2022 16:10,35.48,14.0614
8/27/2022 16:15,35.48,14.0651
8/27/2022 16:20,35.56,14.0651
8/27/2022 16:25,35.56,14.0654
8/27/2022 16:30,35.56,14.062
8/27/2022 16:35,35.6,14.062
8/27/2022 16:40,35.6,14.062
8/27/2022 16:45,35.6,14.062
8/27/2022 16:50,35.56,14.0623
8/27/2022 16:55,35.6,14.0623
8/27/2022 17:0,35.56,14.0592
8/27/2022 17:5,35.52,14.0589
8/27/2022 17:10,35.56,14.0589
8/27/2022 17:15,35.52,14.0592
8/27/2022 17:20,35.52,14.0592
8/27/2022 17:25,35.48,14.0592
8/27/2022 17:30,35.52,14.0558
8/27/2022 17:35,35.52,14.0589
8/27/2022 17:40,35.52,14.0589
8/27/2022 17:45,35.48,14.0589
8/27/2022 17:50,35.48,14.0589
8/27/2022 17:55,35.52,14.0589
8/27/2022 18:0,35.56,14.062
8/27/2022 18:5,35.56,14.062
8/27/2022 18:10,35.6,14.062
8/27/2022 18:15,35.6,14.0654
8/27/2022 18:20,35.6,14.0654
8/27/2022 18:25,35.65,14.0654
8/27/2022 18:30,35.65,14.0657
8/27/2022 18:35,35.6,14.0657
8/27/2022 18:40,35.56,14.0688
8/27/2022 18:45,35.6,14.0691
8/27/2022 18:50,35.56,14.0691
8/27/2022 18:55,35.56,14.0691
8/27/2022 19:0,35.56,14.0691
8/27/2022 19:5,35.6,14.0694
8/27/2022 19:10,35.56,14.0694
8/27/2022 19:15,35.56,14.0694
8/27/2022 19:20,35.48,14.0694
8/27/2022 19:25,35.48,14.0697
8/27/2022 19:30,35.52,14.0663
8/27/2022 19:35,35.48,14.0666
8/27/2022 19:40,35.48,14.0666
8/27/2022 19:45,35.43,14.0666
8/27/2022 19:50,35.43,14.0666
8/27/2022 19:55,35.48,14.0666
8/28/2022 16:0,35.6,14.0546
8/28/2022 16:5,35.69,14.0549
8/28/2022 16:10,35.69,14.0549
8/28/2022 16:15,35.73,14.0583
8/28/2022 16:20,35.73,14.0583
8/28/2022 16:25,35.69,14.0614
8/28/2022 16:30,35.69,14.0614
8/28/2022 16:35,35.69,14.0614
8/28/2022 16:40,35.69,14.0648
8/28/2022 16:45,35.73,14.0617
8/28/2022 16:50,35.73,14.0518
8/28/2022 16:55,35.73,14.0198
8/28/2022 17:0,35.73,14.0202
8/28/2022 17:5,35.69,14.0362
8/28/2022 17:10,35.73,14.0423
8/28/2022 17:15,35.73,14.0457
8/28/2022 17:20,35.73,14.0457
8/28/2022 17:25,35.69,14.0488
8/28/2022 17:30,35.6,14.0488
8/28/2022 17:35,35.56,14.0522
8/28/2022 17:40,35.56,14.0522
8/28/2022 17:45,35.6,14.0522
8/28/2022 17:50,35.6,14.0555
8/28/2022 17:55,35.6,14.0555
8/28/2022 18:0,35.6,14.0558
8/28/2022 18:5,35.65,14.0555
8/28/2022 18:10,35.65,14.0558
8/28/2022 18:15,35.65,14.0589
8/28/2022 18:20,35.6,14.0589
8/28/2022 18:25,35.65,14.0592
8/28/2022 18:30,35.65,14.0592
8/28/2022 18:35,35.65,14.0592
8/28/2022 18:40,35.69,14.0592
8/28/2022 18:45,35.65,14.0592
8/28/2022 18:50,35.65,14.0592
8/28/2022 18:55,35.6,14.0592
8/28/2022 19:0,35.65,14.0595
8/28/2022 19:5,35.65,14.0595
8/28/2022 19:10,35.65,14.0592
8/28/2022 19:15,35.69,14.0595
8/28/2022 19:20,35.6,14.0595
8/28/2022 19:25,35.6,14.0595
8/28/2022 19:30,35.6,14.0595
8/28/2022 19:35,35.65,14.0598
8/28/2022 19:40,35.65,14.0565
8/28/2022 19:45,35.6,14.0565
8/28/2022 19:50,35.56,14.0565
8/28/2022 19:55,35.6,14.0565
8/29/2022 16:0,35.69,14.0632
8/29/2022 16:5,35.73,14.0632
8/29/2022 16:10,35.69,14.0666
8/29/2022 16:15,35.73,14.0663
8/29/2022 16:20,35.78,14.0663
8/29/2022 16:25,35.78,14.0666
8/29/2022 16:30,35.82,14.0666
8/29/2022 16:35,35.82,14.0666
8/29/2022 16:40,35.78,14.0666
8/29/2022 16:45,35.82,14.07
8/29/2022 16:50,35.78,14.0697
8/29/2022 16:55,35.73,14.0697
8/29/2022 17:0,35.73,14.0731
8/29/2022 17:5,35.78,14.0731
8/29/2022 17:10,35.78,14.0731
8/29/2022 17:15,35.78,14.0765
8/29/2022 17:20,35.73,14.0765
8/29/2022 17:25,35.73,14.0768
8/29/2022 17:30,35.65,14.0798
8/29/2022 17:35,35.69,14.0798
8/29/2022 17:40,35.69,14.0798
8/29/2022 17:45,35.73,14.0798
8/29/2022 17:50,35.78,14.0801
8/29/2022 17:55,35.73,14.0801
8/29/2022 18:0,35.73,14.0866
8/29/2022 18:5,35.69,14.0866
8/29/2022 18:10,35.69,14.09
8/29/2022 18:15,35.69,14.09
8/29/2022 18:20,35.69,14.09
8/29/2022 18:25,35.69,14.0931
8/29/2022 18:30,35.73,14.0931
8/29/2022 18:35,35.69,14.0934
8/29/2022 18:40,35.65,14.0968
8/29/2022 18:45,35.65,14.0968
8/29/2022 18:50,35.65,14.1001
8/29/2022 18:55,35.69,14.1001
8/29/2022 19:0,35.69,14.1001
8/29/2022 19:5,35.69,14.1001
8/29/2022 19:10,35.65,14.1001
8/29/2022 19:15,35.65,14.0971
8/29/2022 19:20,35.65,14.0971
8/29/2022 19:25,35.65,14.0971
8/29/2022 19:30,35.65,14.0974
8/29/2022 19:35,35.65,14.0974
8/29/2022 19:40,35.65,14.094
8/29/2022 19:45,35.65,14.094
8/29/2022 19:50,35.65,14.0943
8/29/2022 19:55,35.69,14.0943
8/30/2022 16:0,35.73,14.0848
8/30/2022 16:5,35.78,14.0848
8/30/2022 16:10,35.78,14.0848
8/30/2022 16:15,35.82,14.0851
8/30/2022 16:20,35.78,14.0851
8/30/2022 16:25,35.78,14.0817
8/30/2022 16:30,35.78,14.0851
8/30/2022 16:35,35.73,14.0817
8/30/2022 16:40,35.73,14.0817
8/30/2022 16:45,35.82,14.082
8/30/2022 16:50,35.73,14.082
8/30/2022 16:55,35.73,14.0851
8/30/2022 17:0,35.73,14.0854
8/30/2022 17:5,35.73,14.0854
8/30/2022 17:10,35.69,14.082
8/30/2022 17:15,35.69,14.082
8/30/2022 17:20,35.65,14.0857
8/30/2022 17:25,35.69,14.0857
8/30/2022 17:30,35.65,14.0857
8/30/2022 17:35,35.65,14.0857
8/30/2022 17:40,35.6,14.0857
8/30/2022 17:45,35.6,14.086
8/30/2022 17:50,35.6,14.0891
8/30/2022 17:55,35.6,14.086
8/30/2022 18:0,35.6,14.0826
8/30/2022 18:5,35.65,14.086
8/30/2022 18:10,35.6,14.0829
8/30/2022 18:15,35.6,14.0832
8/30/2022 18:20,35.6,14.0798
8/30/2022 18:25,35.56,14.0675
8/30/2022 18:30,35.56,14.0645
8/30/2022 18:35,35.6,14.0675
8/30/2022 18:40,35.56,14.0709
8/30/2022 18:45,35.56,14.0709
8/30/2022 18:50,35.56,14.0709
8/30/2022 18:55,35.48,14.0777
8/30/2022 19:0,35.48,14.0777
8/30/2022 19:5,35.48,14.0743
8/30/2022 19:10,35.48,14.0743
8/30/2022 19:15,35.52,14.0746
8/30/2022 19:20,35.52,14.0715
8/30/2022 19:25,35.52,14.0712
8/30/2022 19:30,35.52,14.0712
8/30/2022 19:35,35.52,14.0715
8/30/2022 19:40,35.52,14.0715
8/30/2022 19:45,35.52,14.0715
8/30/2022 19:50,35.48,14.0685
8/30/2022 19:55,35.52,14.0688
8/31/2022 16:0,35.48,14.0577
8/31/2022 16:5,35.52,14.0577
8/31/2022 16:10,35.52,14.0577
8/31/2022 16:15,35.48,14.0577
8/31/2022 16:20,35.48,14.0577
8/31/2022 16:25,35.52,14.0608
8/31/2022 16:30,35.48,14.0577
8/31/2022 16:35,35.48,14.0574
8/31/2022 16:40,35.43,14.0577
8/31/2022 16:45,35.39,14.0577
8/31/2022 16:50,35.39,14.0608
8/31/2022 16:55,35.39,14.0641
8/31/2022 17:0,35.3,14.0608
8/31/2022 17:5,35.35,14.0645
8/31/2022 17:10,35.39,14.0645
8/31/2022 17:15,35.39,14.0675
8/31/2022 17:20,35.39,14.0645
8/31/2022 17:25,35.35,14.0645
8/31/2022 17:30,35.35,14.0645
8/31/2022 17:35,35.39,14.0645
8/31/2022 17:40,35.3,14.0645
8/31/2022 17:45,35.26,14.0645
8/31/2022 17:50,35.3,14.0648
8/31/2022 17:55,35.22,14.0645
8/31/2022 18:0,35.3,14.0648
8/31/2022 18:5,35.35,14.0678
8/31/2022 18:10,35.3,14.0648
8/31/2022 18:15,35.3,14.0681
8/31/2022 18:20,35.3,14.0712
8/31/2022 18:25,35.3,14.0712
8/31/2022 18:30,35.26,14.0712
8/31/2022 18:35,35.26,14.0746
8/31/2022 18:40,35.26,14.0746
8/31/2022 18:45,35.26,14.0746
8/31/2022 18:50,35.26,14.0783
8/31/2022 18:55,35.3,14.078
8/31/2022 19:0,35.3,14.0783
8/31/2022 19:5,35.35,14.0783
8/31/2022 19:10,35.3,14.0783
8/31/2022 19:15,35.39,14.0752
8/31/2022 19:20,35.39,14.0752
8/31/2022 19:25,35.35,14.0752
8/31/2022 19:30,35.39,14.0752
8/31/2022 19:35,35.35,14.074
8/31/2022 19:40,35.35,14.0721
8/31/2022 19:45,35.39,14.0728
8/31/2022 19:50,35.39,14.0721
8/31/2022 19:55,35.35,14.0718
